SL No,Branch,Phone Number,Full Address,Google Maps Link,Instagram URL,Facebook URL,LinkedIn URL,"Activities(eg: Karate, Gym rtc...)",,,,,,,,,,,
1,Sadashivnagar,7899423350,"""Patanjali Yoga Mandira"", No. 10, 9th crosss, 8th main, Palace Orchards, Near Sankey Tank, Sadashivnagr, Bengaluru-560080",https://share.google/42j3cMIKN2dBHMw4S, https://www.instagram.com/invites/contact/?utm_source=ig_contact_invite&utm_medium=copy_link&utm_content=oihehvp,https://www.facebook.com/rashtrotthanapathanjaliyogamandir.yoga,https://linktr.ee/rysrisadashivnagar,Yoga Beginners,"05:45am,   07:00 am,  11:00 am,   04:45 pm,   06:30 pm.",,,,,,,,,,
,,,,,,,,Yoga Inter-Mediate,"05:50am,   07:15 am,   08:30 am,   05:00 pm,   06:30 pm",,,,,,,,,,
,,,,,,,,Yoga Senior,"05:40 am,   05:45am,   06:55 am,   07:00 am,   11:00 am,   04:45 pm,  06:30 pm",,,,,,,,,,
,,,,,,,,Yoga Therapy,"05:45 am,   07:00 am,   11:00 am,   04:30 pm,   06:30 pm",,,,,,,,,,
,,,,,,,,Yoga Weekend,Sat & Sun 06:30 am to 07:40 am,,,,,,,,,,
,,,,,,,,Yoga Children,Sun 07:30 am to 08:30 am,,,,,,,,,,
,,,,,,,,Keyboard,Tues & Thrs 06:00 PM  07:00 pm,,,,,,,,,,
,,,,"
",,,,Bharatanatyam,Mon & Fri 5:00:00 pm to 06:30 pm,,,,,,,,,,
,,,,,,,,Taekwondo, Tues & Thurs 05:00 pm 06:00 pm,,,,,,,,,,
,,,,,,,,Bala Samskara Kendra,Sat 04:00 pm 05:00 pm,,,,,,,,,,
,,,,,,,,Bhagavad Gita Class,Wed 06:00 pm 07:00 pm,,,,,,,,,,
2,Gayathrinagar ,9632518598,"Sri siddaramanna yogashrama trust 35,36 /1  7th  main Gayathrinagar, Bangalore  - 560021",Rashtrotthana Yoga Centre https://share.google/CN6bBrOROU5ZK4qPm,https://www.instagram.com/rashtrotthanagayatrinagar?stkn=MWtjeGVkN2lmcG9hdA==,https://www.facebook.com/profile.php?id=100087916731697&mibextid=ZbWKwL,,,,,,,,,,,,,
,,,,,,,,,,,,,,,,,,,
4,RBI Layout,8123523952,"#265,poornaprajna,3rd cross,11th main,rbi layout,jp nagar 7th phase ",https://share.google/wUkgSSZKPEoywVm1J,https://www.instagram.com/rashtrotthanarbilayout/?hl=en,https://www.facebook.com/photo/?fbid=122093703260352686&set=a.122093703290352686,,karate  5:30pm,,,,,,,,,,,
,,,,,,,,tabala 5:30,,,,,,,,,,,
,,,,,,,,keybord  5:30,,,,,,,,,,,
,,,,,,,,flute  5:40,,,,,,,,,,,
,,,,,,,,bharatanatyam 5:40,,,,,,,,,,,
,,,,,,,,carnatic music 5:00pm,,,,,,,,,,,
,,,,,,,,,,,,,,,,,,,
5,KAMAKSHIPALYA,9663409607,,, ,,,,,,,,,,,,,,
,,,,,,,,,,,,,,,,,,,
6,KG NAGAR ,9482834425,"Keshavashilpa, Kempegowda  Nagar, Bengaluru-560004",https://share.google/09YU1kWIcbb0tTmlc,https://www.instagram.com/rashtrotthanakempegowdanagara?stkn=emk4NGNlcWl2ZWdu,https://www.facebook.com/share/19M3dXaSLQ/,,"Junior 
5:45 AM - 10:30 AM , 4:30 & 6:30 PM

Senior 
5:45 AM , 7:00 AM - 10:30 AM , 4:30 & 6:30 PM

THERAPY 
5:30 AM , 7:00 AM - 10:30 AM , 4:30 & 6:30 PM

GERENAL 
5:45 AM , 7:00 AM, 7:30 AM  - 10:30 AM , 4:30 & 6:30 PM

CHILDREN 
7:30  AM ",,,,,,,,,,,
,,,,,,,,,,,,,,,,,,,
,,,,,,,,,,,,,,,,,,,
,,,,,,,,,,,,,,,,,,,
,,,,,,,,,,,,,,,,,,,
,,,,,,,,,,,,,,,,,,,
7,Nagarbhavi,9481240776,"Nandagokula, #19, 6th Cross, 6th Block,",,,,,,,,,,,,,,,,
,,,Nagarbhavi 2nd Stage Bangalore.,https://maps.app.goo.gl/RVBjab53yKDMahsy7?g_st=aw,https://www.instagram.com/rashtrotthananagarbhavi?stkn=MXRzcDl2OWp2aHFoaA==,https://www.facebook.com/share/18Fz6TzN9z/,,,,,,,,,,,,,
,,,,,,,,,,,,,,,,,,,
,,,,,,,,,,,,,,,,,,,
,,,,,,,,Bala Samskara Kendra 4:00pm,,,,,,,,,,,
,,,,,,,,,,,,,,,,,,,
,,,,,,,,,,,,,,,,,,,
,,,,,,,,,,,,,,,,,,,
,,,,,,,,,,,,,,,,,,,
8,Vijaynagar,6360926332,"Rashtrotthana Yogic Sciences And Research Institute 21st Cross, 20th Main, MRCR Layout, Namaste Hotel Backside Marenahalli Road Vijaynagar Bengaluru-560040",https://maps.app.goo.gl/EQwGjzgSeRhBuBHT6?g_st=ac,https://www.instagram.com/rashtrotthanavijayanagar?stkn=MmRuZ3h5bXB5dmVj,https://www.facebook.com/share/1Jd2zSBJ2q/,https://linktr.ee/RysriVijaynagar,Carnatic Sangeeta 5.00PM Bharatanatyam 5.30PM Tabala 5.00PM Key Board 5.30PM Teakwondo 5.30 PM Samskrita Bala Kendra 4.30PM  Counseling 5.00PM,Y Beginner 5.50AM,,,,,,,,,,
,,,,,,,,,"Y General 5.45 AM,7.00AM,11.00AM,4.30PM,6.30PM",,,,,,,,,,
,,,,,,,,,Y Therapy 4.30PM 6.30PM,,,,,,,,,,
,,,,,,,,,,,,,,,,,,,
,,,,,,,,,,,,,,,,,,,
,,,,,,,,,,,,,,,,,,,
,,,,,,,,,,,,,,,,,,,
,,,,,,,,,,,,,,,,,,,
,,,,,,,,,,,,,,,,,,,
,,,,,,,,,,,,,,,,,,,
,,,,,,,,,,,,,,,,,,,
9,Sunkenahalli,"9148926940, 6362250617","#55/A, Bull Temple Road, Sunkenahalli, Near Dodda Ganesh Temple, basavangudi Bangalore 560004",https://maps.app.goo.gl/8yayL4XT5M2ZWVXJ8,https://www.instagram.com/rashtrotthanasunkenahalli?stkn=MWZyNXk4anRzbWtkcg==,https://www.facebook.com/share/1Hip7xW11i/,https://linktr.ee/sunkenahalli.rysri1,Junior,"5:00 AM
 6:10 AM
 7:20 AM
 11:00 AM
 5:00 PM",Light Music,"Thursday
 5:30 PM to 7:00 PM",Karate (W/D),"Tuesday & Thursday
 5:15 PM to 6:15 PM",Acupressure,"Monday, Wednesday, Friday
 5:30 PM to 7:30 PM",,,,
,,,,,,,,General,"5:00 AM
 6:10 AM
 7:20 AM
 8:30 AM
 11:00 AM
 4:30 PM
 6:00 PM
 6:45 PM",Carnatic Sangeetha,"Wednesday & Friday
 5:00 PM to 6:30 PM",Karate (W/E),"Saturday 4:30 PM to 5:30 PM
 Sunday 8:30 AM to 9:30 AM",Colour Therapy,"Monday to Saturday
 10:00 AM to 4:30 PM
 Sunday 
 10:00 AM to 01:00 PM",,,,
,,,,,,,,Senior,"5:00 AM
 6:00 AM
 6:10 AM
 7:20 AM
 11:00 AM
 5:00 PM
 6:30 PM",Hindusthani Sangeetha,"Monday & Thursday
  5:30 PM to 7:00 PM",Chess (W/D),"Tuesday & Thursday
 6:30 PM to 7:45 PM",Counselling,"Tuesday & Saturday
 03:00 PM to 6:00 PM",,,,
,,,,,,,,Therapy,"6:00 AM
 7:20 AM
 11:00 AM
 4:00 PM
 5:00 PM
 6:30 PM",Flute,"Tuesday 5:00 PM to 6:30 PM
 Sunday 9:30 AM to 10:45 AM",Chess (W/E),"Saturday 5:00 PM to 7:00 PM
 Sunday 11:00 AM to 01:00 PM",,,,,,
,,,,,,,,Childrens Yoga Batch (W/D),4:30 PM,Violin,"Tuesday & Thursday
 5:15 PM to 6:45 PM",Art Class,"Wednesday 
 5:15 PM to 6:45PM",,,,,,
,,,,,,,,Childrens Yoga Batch (W/E),7:00 AM,Key Board,"Monday & Wednesday
 5:00 PM to 6:00 PM
 6:00 PM to 7:00 PM",Calligraphy,"Friday
 5:15 PM to 6:45 PM",,,,,,
,,,,,,,,Weekend Batch,"6:00 AM (Saturday)
 7:20 AM (Saturday)
 7:00 AM (Sunday)",Tabala,"Tuesday & Friday
 5:00 PM to 6:30 PM",Bhagavadgeetha (W/D),"Thursday
 5:15 PM to 6:45 PM",,,,,,
,,,,,,,,,,Mrudanga,"Saturday 4:00 PM to 5:00 PM
 Sunday 9:00 AM to 10:00 AM",Bhagavadgeetha (W/E) Free,Saturday 6:00 PM to 7:30 PM,,,,,,
,,,,,,,,,,Veena,"Tuesday & Saturday
 5:00 PM to 6:30 PM",Bala Samskara Kendra,Sunday 10:00 AM to 01:00 PM,,,,,,
,Girinagar ,9353095860, Raghavendra matt  near aksharam Girinagar ,,,,,"Gerenal 
7:00 AM
10:30 AM",,Kathak,"Saturday 5:00 PM to 6:00 PM
 Sunday 9:30 AM to 10:30 AM",Rangoli,Monday 5:00 PM to 6:30 PM,,,,,,
,Aksharam ,9353095860, Raghavendra matt  near aksharam Girinagar ,,,,,"Gerenal 
6:00 AM ",,Bharathanatyam (W/E),"Saturday 5:00 PM to 7:00 PM
 Sunday 9:30 AM to 11:30 AM",,,,,,,,
,,,,,,,,,,Bharathanatyam (W/D),"Monday & Wednesday
 5:00 PM to 6:30 PM",,,,,,,,
10,Kundalahalli,7975344715 / 6366244019,"Rashtrotthana Yoga Center,                                   60 Ft Road, E Block, AECS Layout,Near BBMP Ground, Kundalahalli, Bengaluru - 560037",https://maps.app.goo.gl/codpt79igfXs7iKQ8,https://www.instagram.com/rashtrotthanakundalahalli/,https://www.facebook.com/rashtrotthanakundalahalli,https://linktr.ee/admin/links,Beginner ,"5:45 AM, 7:00 AM,11:00 AM, 5:00 PM, 6:30 PM",Bharatanatyam WD,Tuesday & Friday -                            5:00 PM to 7:00 PM ,Art ,Thursday - 4:30 PM to 5:45 PM   Saturday - 5:00 PM to 6:15 PM ,Ayurveda Consultation & Yoga Wellness,Tuesday & Saturday -                      5:30 PM to 7:00 PM ,Aquatic (Swimming),,Table Tennis,
,,,,,,,,Intermediate ,"6:15 AM, 7:00 AM, 7:30 AM               ",Bharatanatyam WE,Saturday  - 4:00 PM to 6:00 PM     Sunday - 9:30 AM to 11:30 AM ,Karate WD,Monday & Wednesday  -                      5:30 PM to 7:00 PM,Acupuncture Therapy,Tuesday & Friday -                      6:00 PM to 7:00 PM ,Personal Training,4 / 8 Session,Personal Training,8 Session
,,,,,,,,Senior,"5:45 AM, 7:00 AM,11:00 AM, 5:00 PM, 6:30 PM",Carnatic Music,Tuesday & Thursday -                      5:30 PM to 7:00 PM ,Karate WE,Saturday - 5:00 PM to 6:15 PM  Sunday - 8:00 AM to 9:15 AM ,Counselling Center / Acupressure / Colour Therapy / Home Remedies,"Wednesday & Thursday -         4:30 PM to 6:15 PM,             Friday - 4:30 PM to 6:00 PM,   Saturday - 4:30 PM to 6:15 PM",Coaching - Toddlers (<3.5 Yrs),(8 Session) - Saturday & Sunday,Kids Coaching (6-15) yrs       ,
,,,,,,,,General,"5:45 AM, 6:30 AM, 8:20 AM,11:00 AM, 4:30 PM, 6:45 PM",Kathak,Wednesday - 5:30 PM to 7:00 PM     Sunday - 9:30 AM to 11:00 AM ,Kalaripayattu,Thursday & Saturday -             5:30 PM to 7:00 PM,,,Coaching - Kids              (4 - 6 Yrs),(16 Session) - Tuesday to Friday  (8 Session) - Saturday & Sunday,2 Days / Weekly (8 Session)       ,  (Saturday & Sunday)  8:00 AM to 9:00 AM
,,,,,,,,Therapy,"7:00 AM,11:00 AM, 4:30 PM",Hindusthani Music,Tuesday & Friday -                            6:00 PM to 7:30 PM ,Chess, Wednesday & Saturday -             5:30 PM to 7:00 PM,Kannda Spoken Classes,Monday & Wednesday  -                      6:15 PM to 7:45 PM,Coaching - Kids            (7 - 15 Yrs),(16 Session) - Tuesday to Friday  (8 Session) - Saturday & Sunday,"3 Days / Weekly (12 Session),      4 Days / Weekly (16 Session)      ","(Tuesday to Friday)            5:00 PM to 6:00 PM (B), 5:45 PM to 7:00 PM (I)"
,,,,,,,,Prenatal Yoga,6:15 PM,Tabala,Monday & Saturday -                      5:30 PM to 6:45 PM ,Bala Samskara Kendra,Saturday - 4:00 PM to 5:30 PM,Book Store,Monday to Friday  -                      4:30 PM to 7:30 PM,Coaching - Adults,(16 Session) - Tuesday to Friday  (8 Session) - Saturday & Sunday,Adults Coaching,
,,,,,,,,Weekend Yoga (YB / YS),6:30 AM,Veena,Monday & Thursday  -                      5:30 PM to 7:00 PM,Vishnusahasranama,Saturday - 5:00 PM to 6:00 PM,Sanskrita Sambashana Shibira,Sunday - 9:30 AM to 11:00 AM ,Swim Membership                        (Lap Swim hour),(16 Session) - Tuesday to Friday  (8 Session) - Saturday & Sunday (24 Session) - Tuesday to Sunday ,"3 Days / Weekly (12 Session),      4 Days / Weekly (16 Session)      ","(Tuesday to Friday)        7:00 AM to 8:00 AM,       8:00 AM to 9:00 AM,        7:00 PM to 8:00 PM"
,,,,,,,,Children Yoga WD,5:00 PM,Key Board,Tuesday & Thursday -                      5:00 PM to 7:00 PM ,,,,,Pay / Session (Public Swim hour),,2 Days / Weekly (8 Session)       ,  (Saturday & Sunday)  7:00 AM to 8:00 AM
,,,,,,,,Children Yoga WE,7:30 AM,Violin                         (Weekly 2 Days Only) ,"Monday, Tuesday, Thursday  -  5:00 PM to 7:00 PM    &     Sunday - 11:00 AM to 1:00 PM",,,,,Weekdays                  (Tuesday to Friday),"10:00 AM to 11:00 AM, 12:00 AM to 1:00 PM, 9:00 PM to 10:00 PM",Hourly Table Booking / Playo App Booking,
,,,,,,,,Meditation & Pranayama WD,"6:00 AM, 7:15 AM, 11:00 AM, 6:30 PM",Mrudanga,Wednesday & Saturday -            5:15 PM to 6:30 PM ,,,,,Weekend                 (Saturday & Sunday),"1:00 PM to 2:00 PM,",Weekdays (Monday to Friday),"9:00 AM to 4:00 PM,           8:00 PM to 10:00 PM"
,,,,,,,,Meditation & Pranayama WE,7:30 AM,Flute,Thursday & Saturday   -                5:00 PM to 6:30 PM ,,,,,Weekdays                  (Tuesday to Friday) - 6:15 AM to 1:00 PM & 3:45 PM to 10:00 PM,Weekend                                (Saturday & Sunday) -               6:00 AM to 2:00 PM &               3:30 PM to 7:15 PM,Weekend (Saturday & Sunday),12:00 PM to 7:00 PM
11,Jayanagar,9481170206,"36th Cross, 10th Main Road 
(behind BSNL Telephone Exchange), 
4th Block, Jayanagar, Bengaluru, 
Karnataka 560041.",https://share.google/uh6TgsGAoHrplD8bc,https://www.instagram.com/rashtrotthanajayanagar?stkn=cThsbDd3bDdidzl5,https://www.facebook.com/share/1BsXeenHuR/,,Beginner ,"5:45 AM, 7:00 AM,.8.15 AM,9.45AM, 11:00 AM, 4:30 PM",Light Music,Mon,5:00 PM to 6:00 PM,,,,,,,
,,,,,,,,Intermediate ,"7.20AM, 6.45PM",,Wed,5:00 PM to 6:00 PM,,,,,,,
,,,,,,,,Senior,"5:45 AM, 7:00 AM,11:00 AM, 4:30 PM, 6:30 PM",Carnatic Sangeeta,Tue,5:00 PM to 6:00 PM,,,,,,,
,,,,,,,,General,"5:45 AM, 7.00AM, 8:15 AM, 9.45AM, 11:00 AM, 4:30 PM, 6:30 PM",,Thur,5:00 PM to 6:00 PM,,,,,,,
,,,,,,,,Therapy,"5:45 AM, 7:00 AM,.9.30 AM,10.30 AM, 4:30 PM, 6.30PM",Bharatanatyam,Tue,5:30 PM to 6:30 PM,,,,,,,
,,,,,,,,,,,,6:30 PM to 7:30 PM,,,,,,,
,,,,,,,,,,,Thur,5:30 PM to 6:30 PM,,,,,,,
,,,,,,,,,,,,6:30 PM to 7:30 PM,,,,,,,
,,,,,,,,,,Tabla,Sat,3:00 PM to 4:00 PM,,,,,,,
,,,,,,,,,,,Sun,9:00 AM to 10:00 AM,,,,,,,
,,,,,,,,,,Keyboard,Fri,6:00 PM to 7:00 PM,,,,,,,
,,,,,,,,,,,Sat,6:00 PM to 7:00 PM,,,,,,,
,,,,,,,,,,Veena,Wed,4:30 PM to 5:30 PM,,,,,,,
,,,,,,,,,,,,5:30 PM to 6:30 PM,,,,,,,
,,,,,,,,,,,Sat,4:30 PM to 5:30 PM,,,,,,,
,,,,,,,,,,,,5:30 PM to 6:30 PM,,,,,,,
,,,,,,,,,,Violin,Mon,5:30 PM to 7:00 PM,,,,,,,
,,,,,,,,,,,Sat,5:30 PM to 7:00 PM,,,,,,,
,,,,,,,,,,Flute,Fri,5:30 PM to 6:30 PM,,,,,,,
,,,,,,,,,,,Sun,7.15 AM to 8.15 AM,,,,,,,
,,,,,,,,,,Art Class,Sat,4:00 PM to 5:00 PM,,,,,,,
,,,,,,,,,,Karate,Mon,"4:30 , 5:30 , 6:30 PM",,,,,,,
,,,,,,,,,,,Wed,,,,,,,,
,,,,,,,,,,,Fri,,,,,,,,
,,,,,,,,,,Samskrita Bala Kendra,Sun,10:30 AM to 11:30 AM,,,,,,,
,,,,,,,,,,Body Massage,,,,,,,,,
,,,,,,,,,,GYM,Mon to Sat,"5.30AM to 1.30PM
4.30PM to 9.30PM",,,,,,,
